Aceite Vegetal 902g,100000000000,Snacks,2026-05-09,Danone,87.53,325
Mantequilla Extra 328g,100000000001,Bebidas,2028-04-20,Kellogg's,11.25,946
Cereal de Maíz 885g,100000000002,Granos,2027-01-25,Coca-Cola,359.93,489
Aceite Vegetal 732g,100000000003,Enlatados,2026-05-15,Heinz,63.95,933
Queso Mozzarella Premium,100000000004,Bebidas,2026-02-14,Heinz,461.21,869
Azúcar Morena Extra 940g,100000000005,Enlatados,2027-01-06,Coca-Cola,46.12,140
Chocolate en Barra Light 796g,100000000006,Lácteos,2026-10-23,Nescafé,65.91,636
Mantequilla Fortificado 591g,100000000007,Lácteos,2027-01-06,Bimbo,465.37,893
Leche Entera Clásico 943g,100000000008,Bebidas,2026-07-07,Quaker,410.04,895
Azúcar Morena Extra 767g,100000000009,Lácteos,2028-01-20,Pepsi,95.85,437
Cereal de Maíz Premium 405g,100000000010,Alimentos,2028-06-13,Maggi,90.67,525
Pan Integral Fortificado 293g,100000000011,Granos,2026-02-04,Colgate,250.59,549
Cereal de Maíz Orgánico 786g,100000000012,Panadería,2026-03-15,Coca-Cola,308.02,844
Cereal de Maíz Extra 509g,100000000013,Bebidas,2027-05-05,Del Monte,40.2,648
Salsa de Tomate Clásico 872g,100000000014,Enlatados,2027-02-01,Pepsi,314.18,861
Arroz Integral Premium 766g,100000000015,Alimentos,2026-12-27,Maggi,309.01,6
Café Molido Extra 436g,100000000016,Lácteos,2027-02-24,Corona,6.12,726
Azúcar Morena Fortificado 614g,100000000017,Snacks,2026-07-02,Heinz,137.82,868
Galletas de Chocolate 469g,100000000018,Alimentos,2027-12-07,La Costeña,17.83,766
Pan Integral Fortificado 541g,100000000019,Enlatados,2026-12-25,Kellogg's,435.69,903
Salsa de Tomate Light 774g,100000000020,Alimentos,2027-08-22,Heinz,450,816
Salsa de Tomate Premium 696g,100000000021,Enlatados,2026-06-21,Coca-Cola,39.4,560
Aceite Vegetal Premium 897g,100000000022,Granos,2027-09-18,Danone,196.04,494
Refresco Cola Clásico 239g,100000000023,Panadería,2027-09-29,Maggi,6.27,674
Cereal de Maíz Premium 335g,100000000024,Enlatados,2027-08-13,Danone,284.66,576
Pasta Espagueti Clásico 812g,100000000025,Granos,2027-01-15,Kellogg's,465.45,317
Yogur Natural Familiar 285g,100000000026,Enlatados,2028-05-26,Heinz,345.46,136
Refresco Cola Familiar 510g,100000000027,Panadería,2026-10-13,Maggi,464.11,421
Azúcar Morena Familiar 996g,100000000028,Alimentos,2026-08-22,La Costeña,145.09,945
Mantequilla Extra 967g,100000000029,Enlatados,2028-05-13,Great Value,460.58,962
Yogur Natural Familiar 201g,100000000030,Alimentos,2027-02-26,Quaker,319.85,556
Refresco Cola Fortificado 258g,100000000031,Panadería,2026-08-27,Maggi,177.15,770
Atún en Lata Familiar 683g,100000000032,Panadería,2027-10-27,Nescafé,456.76,991
Mantequilla Familiar 585g,100000000033,Bebidas,2027-10-28,Pepsi,34.04,485
Refresco Cola Premium 772g,100000000034,Granos,2028-04-16,Pepsi,37.5,927
Refresco Cola Premium 383g,100000000035,Alimentos,2028-02-05,Coca-Cola,322.13,475
Aceite Vegetal Fortificado 869g,100000000036,Enlatados,2027-08-05,Pepsi,229.77,873
Pan Integral Fortificado 816g,100000000037,Snacks,2027-06-18,Coca-Cola,70.38,696
Galletas de Chocolate Familiar 936g,100000000038,Snacks,2027-09-27,Great Value,246.25,399
Salsa de Tomate Fortificado 855g,100000000039,Panadería,2027-03-30,Pepsi,323.31,242
Chocolate en Barra Premium 540g,100000000040,Panadería,2027-07-20,Heinz,337.85,658
Azúcar Morena Clásico 952g,100000000041,Panadería,2026-04-07,Del Monte,105.63,805
Pasta Espagueti Premium 897g,100000000042,Lácteos,2026-09-01,Danone,122.22,826
Yogur Natural Orgánico 317g,100000000043,Snacks,2027-03-26,Colgate,438.31,627
Frijol Negro Extra 786g,100000000044,Granos,2026-07-09,Quaker,430.56,476
Salsa de Tomate Clásico 777g,100000000045,Alimentos,2026-12-25,Kellogg's,377.57,867
Atún en Lata Fortificado 225g,100000000046,Bebidas,2028-05-21,Nestlé,10.49,747
Arroz Integral Clásico 624g,100000000047,Snacks,2026-03-26,Colgate,445.78,562
Queso Mozzarella Fortificado 565g,100000000048,Panadería,2027-11-04,Danone,409.52,408
Refresco Cola Extra 307g,100000000049,Snacks,2026-07-25,Corona,285.21,906
Mantequilla Light 781g,100000000050,Alimentos,2027-02-13,Heinz,239.84,269
Atún en Lata Orgánico 626g,100000000051,Snacks,2027-03-07,Nestlé,461.43,6
Cereal de Maíz Clásico 907g,100000000052,Lácteos,2027-04-07,Pepsi,192.15,484
Leche Entera Familiar 726g,100000000053,Alimentos,2027-03-17,Nescafé,144.24,297
Queso Mozzarella Light 474g,100000000054,Enlatados,2026-05-23,Heinz,354.61,654
Cereal de Maíz Familiar 420g,100000000055,Alimentos,2026-12-27,Coca-Cola,409,1000
Café Molido Fortificado 237g,100000000056,Panadería,2027-04-07,Great Value,440.01,653
Yogur Natural Premium 450g,100000000057,Snacks,2026-04-03,Colgate,476.92,934
Huevos Grandes Premium 795g,100000000058,Bebidas,2027-07-30,Great Value,21.4,52
Frijol Negro Extra 898g,100000000059,Enlatados,2027-08-08,Colgate,92.32,528
Atún en Lata Clásico 835g,100000000060,Alimentos,2028-03-21,La Costeña,29.18,523
Jugo de Naranja Fortificado 988g,100000000061,Enlatados,2027-05-04,Bimbo,357.55,39
Arroz Integral Familiar 717g,100000000062,Panadería,2027-07-22,Coca-Cola,213.1,130
Aceite Vegetal Extra 233g,100000000063,Enlatados,2028-03-15,La Costeña,169.04,855
Frijol Negro Light 820g,100000000064,Lácteos,2026-02-26,Colgate,393.75,228
Arroz Integral Fortificado 401g,100000000065,Bebidas,2027-10-21,Colgate,86.41,230
Galletas de Chocolate Extra 770g,100000000066,Bebidas,2026-11-01,Maggi,61.53,708
Frijol Negro Light 263g,100000000067,Panadería,2026-11-22,La Costeña,413.84,355
Frijol Negro Extra 548g,100000000068,Alimentos,2027-02-12,Del Monte,8.62,43
Queso Mozzarella Premium 338g,100000000069,Panadería,2028-04-07,Maggi,21.63,801
Frijol Negro Fortificado 632g,100000000070,Panadería,2026-09-20,Coca-Cola,353.6,266
Jugo de Naranja Orgánico 460g,100000000071,Lácteos,2027-05-16,Coca-Cola,310.96,484
Salsa de Tomate Extra 550g,100000000072,Enlatados,2027-05-31,Corona,365.78,682
Cereal de Maíz Premium 578g,100000000073,Alimentos,2026-10-07,Maggi,140.39,49
Aceite Vegetal Light 421g,100000000074,Enlatados,2026-04-13,Quaker,148.9,618
Yogur Natural Extra 605g,100000000075,Alimentos,2026-03-08,Coca-Cola,152.91,71
Huevos Grandes Fortificado 358g,100000000076,Granos,2027-05-25,Bimbo,200.63,728
Atún en Lata Orgánico 813g,100000000077,Lácteos,2027-08-10,Colgate,481.07,888
Frijol Negro Extra 511g,100000000078,Panadería,2027-09-26,Danone,439.77,42
Cereal de Maíz Premium 810g,100000000079,Panadería,2026-10-18,La Costeña,428.27,339
Chocolate en Barra Extra 738g,100000000080,Lácteos,2027-09-16,Nestlé,20.07,107
Cereal de Maíz Orgánico 786g,100000000081,Snacks,2027-08-04,Pepsi,312.51,44
Café Molido Fortificado 268g,100000000082,Bebidas,2026-07-11,Del Monte,65.07,365
Refresco Cola Fortificado 882g,100000000083,Alimentos,2026-07-26,Great Value,184.81,882
Pasta Espagueti Premium 233g,100000000084,Enlatados,2028-02-26,Del Monte,43.83,937
Pan Integral Clásico 340g,100000000085,Panadería,2027-09-19,Del Monte,436.57,309
Cereal de Maíz Clásico 970g,100000000086,Alimentos,2026-12-01,Danone,45.6,628
Aceite Vegetal Orgánico 786g,100000000087,Panadería,2026-12-01,Quaker,363.38,906
Leche Entera Familiar 450g,100000000088,Panadería,2026-11-20,Nescafé,145.43,899
Pan Integral Clásico 818g,100000000089,Enlatados,2028-02-06,Pepsi,266.21,416
Frijol Negro Light 904g,100000000090,Enlatados,2027-05-03,Colgate,408.01,805
Frijol Negro Light 769g,100000000091,Bebidas,2027-07-04,Corona,84.24,19
Queso Mozzarella Orgánico 593g,100000000092,Enlatados,2026-04-13,Quaker,66.91,199
Queso Mozzarella Extra 663g,100000000093,Snacks,2028-05-17,La Costeña,85.83,925
Galletas de Chocolate Clásico 344g,100000000094,Panadería,2027-02-04,Colgate,357.15,912
Pasta Espagueti Extra 233g,100000000095,Granos,2028-04-10,Coca-Cola,378.31,406
Frijol Negro Extra 486g,100000000096,Enlatados,2027-09-04,Bimbo,121.69,36
Queso Mozzarella Orgánico 736g,100000000097,Granos,2027-05-05,Del Monte,464.96,116
Chocolate en Barra Fortificado 304g,100000000098,Granos,2028-06-06,Kellogg's,462.14,208
Leche Entera Premium 213g,100000000099,Lácteos,2027-06-18,Nescafé,107.02,603
Arroz Integral Premium 512g,100000000100,Enlatados,2026-04-03,Maggi,498.03,341
Jugo de Naranja Familiar 880g,100000000101,Lácteos,2026-07-15,Great Value,336.27,352
Mantequilla Clásico 743g,100000000102,Lácteos,2026-06-18,Great Value,372.37,421
Cereal de Maíz Orgánico 876g,100000000103,Snacks,2026-08-24,Nestlé,360.68,782
Chocolate en Barra Clásico 502g,100000000104,Bebidas,2026-12-09,Corona,265.45,579
Arroz Integral Familiar 885g,100000000105,Panadería,2026-03-19,La Costeña,365.16,108
Pan Integral Familiar 878g,100000000106,Granos,2028-02-18,La Costeña,152.87,594
Queso Mozzarella Orgánico 211g,100000000107,Panadería,2027-03-02,Heinz,49.24,281
Huevos Grandes Light 330g,100000000108,Lácteos,2027-01-19,Danone,396.85,434
Yogur Natural Fortificado 389g,100000000109,Granos,2026-05-26,La Costeña,72.26,343
Atún en Lata Orgánico 567g,100000000110,Snacks,2027-03-19,Maggi,82.47,257
Pan Integral Extra 779g,100000000111,Alimentos,2026-04-07,Del Monte,38.95,323
Chocolate en Barra Fortificado 848g,100000000112,Granos,2027-02-23,Great Value,192.32,131
Pan Integral Fortificado 621g,100000000113,Bebidas,2027-04-11,Nestlé,264.99,284
Cereal de Maíz Familiar 863g,100000000114,Lácteos,2027-05-04,Colgate,189.97,578
Aceite Vegetal Clásico 634g,100000000115,Alimentos,2026-06-12,Coca-Cola,264.42,653
Refresco Cola Premium 985g,100000000116,Bebidas,2028-04-27,Great Value,167.2,159
Galletas de Chocolate Extra 397g,100000000117,Snacks,2028-05-03,Del Monte,399.6,55
Leche Entera Orgánico 645g,100000000118,Panadería,2027-02-26,Coca-Cola,266.84,73
Frijol Negro Fortificado 981g,100000000119,Alimentos,2028-04-08,Danone,344.33,179
Salsa de Tomate Extra 903g,100000000120,Panadería,2027-07-21,Quaker,393.86,394
Huevos Grandes Fortificado 265g,100000000121,Lácteos,2027-03-20,Great Value,6.14,659
Arroz Integral Light 230g,100000000122,Lácteos,2026-08-08,Great Value,203.2,838
Atún en Lata Clásico 560g,100000000123,Lácteos,2027-10-27,Del Monte,81.83,953
Aceite Vegetal Fortificado 363g,100000000124,Lácteos,2026-05-02,La Costeña,276.14,399
Chocolate en Barra Clásico 704g,100000000125,Enlatados,2027-12-20,Heinz,94.41,832
Mantequilla Extra 784g,100000000126,Alimentos,2028-04-11,Corona,437.76,518
Harina de Trigo Fortificado 402g,100000000127,Lácteos,2027-05-06,Kellogg's,192.73,754
Mantequilla Extra 965g,100000000128,Alimentos,2027-08-21,Danone,231.75,162
Yogur Natural Premium 241g,100000000129,Enlatados,2027-01-29,Corona,403.3,497
Arroz Integral Orgánico 889g,100000000130,Granos,2028-02-20,Coca-Cola,427.34,44
Azúcar Morena Clásico 702g,100000000131,Panadería,2027-10-07,Colgate,481.35,992
Aceite Vegetal Orgánico 723g,100000000132,Lácteos,2027-05-05,Colgate,97.25,19
Azúcar Morena Light 791g,100000000133,Snacks,2026-09-16,Danone,69.87,548
Azúcar Morena Extra 203g,100000000134,Granos,2028-05-16,Corona,489.18,661
Cereal de Maíz Orgánico 642g,100000000135,Granos,2027-10-16,Corona,298.79,862
Yogur Natural Extra 440g,100000000136,Granos,2027-10-08,Maggi,197.13,82
Pan Integral Fortificado 297g,100000000137,Enlatados,2026-08-12,Danone,214.85,558
Queso Mozzarella Fortificado 512g,100000000138,Alimentos,2026-07-24,Bimbo,16.8,377
Salsa de Tomate Clásico 990g,100000000139,Bebidas,2027-12-27,Nestlé,328.56,455
Huevos Grandes Fortificado 569g,100000000140,Lácteos,2028-06-05,Del Monte,342.87,807
Refresco Cola Clásico 613g,100000000141,Bebidas,2027-10-28,Corona,346.4,327
Café Molido Extra 642g,100000000142,Lácteos,2026-06-13,Maggi,295.95,999
Huevos Grandes Light 901g,100000000143,Panadería,2027-02-12,Coca-Cola,362.51,802
Huevos Grandes Light 450g,100000000144,Enlatados,2027-10-14,Quaker,430.95,503
Huevos Grandes Premium 964g,100000000145,Lácteos,2027-01-13,Pepsi,41.83,849
Jugo de Naranja Familiar 682g,100000000146,Lácteos,2027-07-29,Del Monte,124.7,533
Refresco Cola Extra 665g,100000000147,Snacks,2028-02-17,Quaker,463.11,613
Pasta Espagueti Premium 494g,100000000148,Lácteos,2027-09-17,Heinz,389.14,73
Aceite Vegetal Extra 675g,100000000149,Snacks,2028-05-01,Nestlé,379.78,608
Aceite Vegetal Premium 562g,100000000150,Alimentos,2027-12-30,Great Value,355.7,718
Galletas de Chocolate Clásico 631g,100000000151,Granos,2026-11-12,Danone,258.53,534
Refresco Cola Fortificado 441g,100000000152,Bebidas,2028-05-09,Bimbo,19.44,916
Huevos Grandes Orgánico 457g,100000000153,Panadería,2026-03-29,Nestlé,333.89,366
Galletas de Chocolate Fortificado 549g,100000000154,Enlatados,2027-06-27,La Costeña,482.54,891
Mantequilla Light 995g,100000000155,Lácteos,2027-06-11,Great Value,22.31,134
Refresco Cola Orgánico 710g,100000000156,Enlatados,2026-02-09,Corona,473.32,881
Pasta Espagueti Familiar 678g,100000000157,Snacks,2028-04-16,Pepsi,188.36,87
Pan Integral Premium 408g,100000000158,Lácteos,2026-06-02,Coca-Cola,264.41,588
Harina de Trigo Orgánico 688g,100000000159,Snacks,2026-05-11,Nestlé,303.65,16
Café Molido Orgánico 839g,100000000160,Lácteos,2026-06-02,Corona,84.04,685
Azúcar Morena Extra 919g,100000000161,Enlatados,2027-09-10,Maggi,24.88,764
Huevos Grandes Light 884g,100000000162,Enlatados,2026-10-24,Bimbo,153.59,149
Mantequilla Orgánico 722g,100000000163,Granos,2028-01-22,Kellogg's,309.04,675
Aceite Vegetal Clásico 863g,100000000164,Bebidas,2028-01-04,Pepsi,74.82,971
Arroz Integral Clásico 576g,100000000165,Bebidas,2026-03-19,Danone,228.55,521
Atún en Lata Premium 420g,100000000166,Panadería,2028-05-18,Nescafé,486.58,590
Arroz Integral Extra 930g,100000000167,Snacks,2026-12-18,La Costeña,273.28,458
Mantequilla Light 760g,100000000168,Enlatados,2026-08-21,Bimbo,73.46,133
Arroz Integral Fortificado 510g,100000000169,Snacks,2027-03-06,Great Value,283.79,790
Chocolate en Barra Clásico 740g,100000000170,Granos,2028-06-08,Corona,105.4,935
Leche Entera Light 618g,100000000171,Alimentos,2027-10-16,Pepsi,390.8,797
Leche Entera Extra 980g,100000000172,Bebidas,2027-10-07,Quaker,363.68,287
Refresco Cola Fortificado 501g,100000000173,Snacks,2028-02-17,Nescafé,423.27,229
Harina de Trigo Premium 634g,100000000174,Enlatados,2027-04-26,Quaker,155.33,987
Azúcar Morena Familiar 653g,100000000175,Lácteos,2026-06-19,La Costeña,309.02,618
Salsa de Tomate Premium 717g,100000000176,Alimentos,2027-11-29,Great Value,277.06,361
Chocolate en Barra Extra 821g,100000000177,Panadería,2028-05-31,Kellogg's,130.51,117
Arroz Integral Orgánico 859g,100000000178,Granos,2027-05-06,Bimbo,322.04,269
Azúcar Morena Premium 533g,100000000179,Panadería,2027-12-06,Del Monte,58.49,875
Cereal de Maíz Familiar 974g,100000000180,Alimentos,2027-08-14,Corona,227.13,617
Mantequilla Orgánico 914g,100000000181,Lácteos,2027-08-17,Heinz,208.35,152
Pan Integral Light 671g,100000000182,Snacks,2026-12-06,Nescafé,163.57,535
Chocolate en Barra Premium 327g,100000000183,Alimentos,2027-05-03,Colgate,201.27,553
Harina de Trigo Fortificado 286g,100000000184,Bebidas,2027-04-02,Del Monte,123.54,446
Leche Entera Extra 547g,100000000185,Bebidas,2026-07-14,Maggi,171.62,77
Salsa de Tomate Premium 717g,100000000186,Panadería,2027-09-28,Pepsi,242.73,219
Arroz Integral Clásico 203g,100000000187,Granos,2027-09-03,Coca-Cola,156.71,127
Huevos Grandes Clásico 757g,100000000188,Granos,2027-03-13,Bimbo,283.72,707
Jugo de Naranja Light 522g,100000000189,Granos,2027-10-09,Great Value,415.08,228
Galletas de Chocolate Fortificado 692g,100000000190,Bebidas,2027-09-30,Maggi,322.83,830
Queso Mozzarella Premium 551g,100000000191,Bebidas,2026-03-13,Pepsi,304.99,327
Huevos Grandes Orgánico 341g,100000000192,Granos,2027-03-12,Quaker,298.39,277
Aceite Vegetal Fortificado 425g,100000000193,Snacks,2026-10-23,La Costeña,339.61,497
Queso Mozzarella Extra 293g,100000000194,Panadería,2026-11-10,Quaker,193.98,123
Harina de Trigo Premium 508g,100000000195,Snacks,2026-05-09,Bimbo,456.5,579
Harina de Trigo Clásico 518g,100000000196,Lácteos,2026-03-27,Corona,46.38,45
Harina de Trigo Orgánico 857g,100000000197,Snacks,2027-08-21,Colgate,44.55,330
Yogur Natural Premium 358g,100000000198,Alimentos,2026-09-01,Pepsi,373.13,408
Aceite Vegetal Light 577g,100000000199,Lácteos,2027-08-12,Kellogg's,175.95,131
Mantequilla Extra 214g,100000000200,Bebidas,2027-10-22,La Costeña,86.56,257
Salsa de Tomate Extra 735g,100000000201,Panadería,2027-11-17,Nescafé,390.06,53
Cereal de Maíz Extra 904g,100000000202,Panadería,2027-10-08,Great Value,479.56,951
Cereal de Maíz Premium 558g,100000000203,Lácteos,2026-07-17,Del Monte,8.4,789
Yogur Natural Orgánico 719g,100000000204,Enlatados,2026-03-07,Maggi,332.15,435
Café Molido Clásico 332g,100000000205,Lácteos,2026-11-02,Del Monte,462.29,154
Atún en Lata Light 487g,100000000206,Panadería,2027-08-10,Corona,362.6,352
Yogur Natural Light 235g,100000000207,Granos,2027-06-21,Coca-Cola,400.64,229
Refresco Cola Extra 516g,100000000208,Granos,2027-12-14,Great Value,420.36,371
Refresco Cola Light 965g,100000000209,Lácteos,2028-03-22,Nescafé,112.81,721
Leche Entera Light 376g,100000000210,Snacks,2027-11-09,Corona,320.52,818
Atún en Lata Fortificado 585g,100000000211,Granos,2026-03-19,La Costeña,330.03,819
Aceite Vegetal Premium 641g,100000000212,Enlatados,2026-07-06,Heinz,457.29,819
Harina de Trigo Familiar 324g,100000000213,Snacks,2027-05-06,Kellogg's,97.13,860
Harina de Trigo Fortificado 468g,100000000214,Lácteos,2026-10-14,Bimbo,306.81,344
Yogur Natural Familiar 470g,100000000215,Bebidas,2027-09-22,Coca-Cola,105.81,291
Aceite Vegetal Premium 279g,100000000216,Enlatados,2028-04-22,Quaker,456.35,977
Chocolate en Barra Extra 938g,100000000217,Lácteos,2026-09-28,Great Value,323.8,360
Galletas de Chocolate Extra 275g,100000000218,Panadería,2026-11-28,Danone,455.57,548
Arroz Integral Fortificado 974g,100000000219,Snacks,2026-11-18,Pepsi,140.81,153
Cereal de Maíz Clásico 678g,100000000220,Enlatados,2028-06-11,Heinz,403.22,954
Yogur Natural Familiar 456g,100000000221,Alimentos,2027-11-06,La Costeña,359.41,275
Jugo de Naranja Fortificado 559g,100000000222,Panadería,2028-03-24,Danone,464.94,558
Atún en Lata Light 479g,100000000223,Panadería,2027-11-04,Nestlé,491.53,326
Jugo de Naranja Orgánico 398g,100000000224,Snacks,2027-01-13,Danone,138.61,170
Huevos Grandes Fortificado 964g,100000000225,Enlatados,2027-03-20,Del Monte,322.22,994
Mantequilla Premium 856g,100000000226,Granos,2026-08-22,Coca-Cola,252.93,218
Huevos Grandes Clásico 541g,100000000227,Alimentos,2027-12-08,Pepsi,470.98,499
Salsa de Tomate Premium 519g,100000000228,Panadería,2027-12-26,Colgate,80.46,79
Atún en Lata Light 439g,100000000229,Lácteos,2027-07-14,Maggi,233.48,863
Leche Entera Familiar 696g,100000000230,Granos,2027-04-07,Pepsi,338.43,621
Chocolate en Barra Fortificado 736g,100000000231,Lácteos,2027-12-27,Corona,495.63,213
Arroz Integral Light 362g,100000000232,Bebidas,2027-06-16,La Costeña,370.71,430
Leche Entera Orgánico 357g,100000000233,Alimentos,2026-05-08,La Costeña,365.3,46
Azúcar Morena Orgánico 567g,100000000234,Snacks,2027-05-26,Bimbo,346.86,911
Arroz Integral Premium 911g,100000000235,Granos,2027-11-20,Del Monte,464.09,472
Frijol Negro Light 741g,100000000236,Alimentos,2027-11-30,Nestlé,133.92,27
Refresco Cola Clásico 391g,100000000237,Bebidas,2026-04-17,Nescafé,265.79,652
Cereal de Maíz Familiar 220g,100000000238,Granos,2027-07-26,Bimbo,272.64,104
Pan Integral Familiar 814g,100000000239,Alimentos,2026-05-31,Del Monte,44.22,823
Café Molido Light 256g,100000000240,Bebidas,2028-01-07,Danone,190.24,835
Café Molido Clásico 936g,100000000241,Enlatados,2027-07-01,Nestlé,358.18,502
Yogur Natural Familiar 640g,100000000242,Granos,2028-02-05,Kellogg's,59.21,711
Queso Mozzarella Familiar 213g,100000000243,Granos,2026-03-25,Corona,336.19,133
Jugo de Naranja Premium 606g,100000000244,Enlatados,2026-10-18,Nescafé,430.39,757
Frijol Negro Extra 603g,100000000245,Lácteos,2027-11-03,Great Value,496.19,260
Refresco Cola Familiar 359g,100000000246,Bebidas,2027-10-22,Nestlé,369.13,262
Pan Integral Extra 680g,100000000247,Alimentos,2026-02-09,Bimbo,404.71,560
Harina de Trigo Extra 322g,100000000248,Lácteos,2027-04-09,Great Value,37.25,585
Pasta Espagueti Fortificado 807g,100000000249,Bebidas,2027-12-18,Heinz,313.85,98
Arroz Integral Fortificado 720g,100000000250,Enlatados,2026-07-20,Nestlé,299.92,438
Atún en Lata Familiar 950g,100000000251,Snacks,2027-01-10,Quaker,263.31,463
Pasta Espagueti Familiar 890g,100000000252,Enlatados,2027-11-07,Quaker,325.69,193
Atún en Lata Familiar 529g,100000000253,Alimentos,2028-03-16,Danone,272.56,698
Queso Mozzarella Premium 344g,100000000254,Alimentos,2026-02-10,Bimbo,144.61,580
Harina de Trigo Familiar 820g,100000000255,Granos,2028-03-11,Corona,119.02,917
Pan Integral Orgánico 427g,100000000256,Enlatados,2027-10-06,Coca-Cola,482.07,712
Refresco Cola Orgánico 741g,100000000257,Lácteos,2027-02-26,Pepsi,197.54,658
Café Molido Premium 302g,100000000258,Enlatados,2027-10-18,Nestlé,393.18,660
Aceite Vegetal Clásico 585g,100000000259,Lácteos,2028-05-13,Del Monte,90.53,8
Frijol Negro Fortificado 967g,100000000260,Lácteos,2027-07-31,La Costeña,493.86,669
Mantequilla Orgánico 332g,100000000261,Bebidas,2026-02-16,Nescafé,101.21,96
Jugo de Naranja Orgánico 314g,100000000262,Alimentos,2027-06-29,La Costeña,79.08,448
Refresco Cola Clásico 317g,100000000263,Snacks,2027-06-06,Corona,432.39,108
Jugo de Naranja Premium 201g,100000000264,Bebidas,2027-11-27,Danone,249.33,312
Jugo de Naranja Premium 216g,100000000265,Alimentos,2026-04-23,Heinz,277.16,477
Atún en Lata Premium 548g,100000000266,Alimentos,2026-08-02,Coca-Cola,412.87,270
Frijol Negro Familiar 587g,100000000267,Snacks,2026-07-17,Nescafé,338.63,113
Cereal de Maíz Fortificado 849g,100000000268,Enlatados,2026-07-22,Great Value,252.65,840
Azúcar Morena Orgánico 661g,100000000269,Lácteos,2027-06-20,Great Value,39.41,844
Mantequilla Light 711g,100000000270,Granos,2026-12-12,Coca-Cola,327.1,326
Huevos Grandes Premium 873g,100000000271,Snacks,2027-11-03,Colgate,340.09,851
Café Molido Clásico 788g,100000000272,Lácteos,2027-01-01,Coca-Cola,208.84,995
Harina de Trigo Orgánico 924g,100000000273,Enlatados,2027-08-04,Heinz,104.95,728
Frijol Negro Extra 965g,100000000274,Snacks,2026-08-31,Kellogg's,19.9,675
Mantequilla Extra 773g,100000000275,Bebidas,2027-07-31,Colgate,408.7,867
Jugo de Naranja Light 628g,100000000276,Enlatados,2026-12-04,Heinz,216.81,9
Cereal de Maíz Clásico 970g,100000000277,Enlatados,2026-03-07,Nescafé,255.71,742
Chocolate en Barra Orgánico 643g,100000000278,Granos,2026-02-15,Nescafé,342.28,385
Pan Integral Clásico 795g,100000000279,Alimentos,2027-07-10,Maggi,18.44,379
Salsa de Tomate Clásico 338g,100000000280,Bebidas,2028-02-08,Coca-Cola,143.12,657
Salsa de Tomate Familiar 605g,100000000281,Lácteos,2026-07-23,Maggi,427.67,173
Azúcar Morena Premium 643g,100000000282,Bebidas,2028-05-13,Heinz,441.61,657
Pan Integral Premium 266g,100000000283,Enlatados,2027-07-26,Nescafé,395.5,254
Azúcar Morena Light 548g,100000000284,Granos,2026-05-08,Corona,246.28,369
Café Molido Extra 930g,100000000285,Enlatados,2026-05-23,Nescafé,337.79,180
Frijol Negro Fortificado 396g,100000000286,Snacks,2027-03-03,Nescafé,17.46,808
Yogur Natural Light 789g,100000000287,Alimentos,2027-09-20,Bimbo,404.51,774
Pan Integral Premium 411g,100000000288,Panadería,2026-09-07,Corona,25.97,793
Cereal de Maíz Light 325g,100000000289,Snacks,2026-09-09,Del Monte,26.59,184
Yogur Natural Premium 607g,100000000290,Enlatados,2026-12-23,Great Value,8.26,968
Pan Integral Light 366g,100000000291,Alimentos,2026-06-30,Pepsi,487.63,713
Refresco Cola Extra 358g,100000000292,Alimentos,2026-04-25,Pepsi,181.51,419
Aceite Vegetal Fortificado 240g,100000000293,Enlatados,2027-04-13,Pepsi,47.56,63
Chocolate en Barra Orgánico 336g,100000000294,Panadería,2027-08-14,Coca-Cola,264.07,627
Atún en Lata Fortificado 468g,100000000295,Granos,2028-06-02,Corona,394.93,151
Aceite Vegetal Light 558g,100000000296,Granos,2026-02-12,Corona,347.3,508
Cereal de Maíz Orgánico 403g,100000000297,Bebidas,2028-02-28,Great Value,52.56,71
Harina de Trigo Clásico 813g,100000000298,Alimentos,2026-06-10,Pepsi,294.22,508
Pasta Espagueti Extra 959g,100000000299,Snacks,2028-05-12,Kellogg's,224.06,968
Leche Entera Fortificado 445g,100000000300,Lácteos,2028-01-25,Bimbo,259.22,381
Chocolate en Barra Extra 984g,100000000301,Enlatados,2026-11-08,Corona,95.08,790
Salsa de Tomate Extra 216g,100000000302,Lácteos,2027-09-10,Danone,432.88,948
Refresco Cola Fortificado 614g,100000000303,Snacks,2026-01-31,La Costeña,297.17,373
Arroz Integral Fortificado 868g,100000000304,Lácteos,2026-12-29,Quaker,138.37,870
Yogur Natural Extra 688g,100000000305,Granos,2026-10-11,Pepsi,147.13,518
Arroz Integral Premium 221g,100000000306,Enlatados,2026-10-22,Quaker,89.68,344
Queso Mozzarella Premium 531g,100000000307,Snacks,2026-11-28,Heinz,487.34,324
Arroz Integral Premium 711g,100000000308,Granos,2026-11-13,Kellogg's,351.18,175
Pasta Espagueti Clásico 310g,100000000309,Enlatados,2027-04-01,Nescafé,115.25,255
Queso Mozzarella Clásico 606g,100000000310,Granos,2026-12-06,Maggi,442.78,290
Chocolate en Barra Orgánico 763g,100000000311,Snacks,2028-04-15,Colgate,6.1,54
Chocolate en Barra Familiar 406g,100000000312,Lácteos,2028-01-11,Pepsi,262.86,151
Arroz Integral Orgánico 912g,100000000313,Bebidas,2026-03-12,Corona,347.09,621
Huevos Grandes Fortificado 900g,100000000314,Lácteos,2026-07-07,Del Monte,400.93,820
Café Molido Light 418g,100000000315,Snacks,2027-09-08,Great Value,238.35,84
Mantequilla Premium 808g,100000000316,Enlatados,2026-04-02,Maggi,186.5,424
Refresco Cola Light 538g,100000000317,Alimentos,2028-05-10,Nescafé,78.5,856
Harina de Trigo Light 851g,100000000318,Snacks,2028-01-12,Bimbo,395.52,734
Café Molido Clásico 687g,100000000319,Bebidas,2026-10-08,Nestlé,225.88,876
Café Molido Clásico 951g,100000000320,Panadería,2026-04-13,La Costeña,283.71,303
Leche Entera Light 633g,100000000321,Lácteos,2026-09-18,Danone,464.13,503
Jugo de Naranja Fortificado 555g,100000000322,Panadería,2028-03-22,Quaker,386.59,671
Cereal de Maíz Familiar 897g,100000000323,Snacks,2027-05-09,Nestlé,6.5,58
Leche Entera Premium 338g,100000000324,Granos,2027-11-07,Colgate,367.07,100
Mantequilla Premium 742g,100000000325,Snacks,2027-09-27,Del Monte,78.11,675
Café Molido Familiar 485g,100000000326,Snacks,2027-02-06,Pepsi,390.6,472
Queso Mozzarella Premium 426g,100000000327,Bebidas,2028-05-20,Heinz,361.36,494
Pan Integral Extra 503g,100000000328,Bebidas,2027-01-03,Coca-Cola,326.86,581
Frijol Negro Premium 868g,100000000329,Panadería,2026-10-06,Del Monte,435.96,213
Mantequilla Familiar 688g,100000000330,Enlatados,2026-06-04,Del Monte,382.56,734
Leche Entera Premium 392g,100000000331,Panadería,2027-06-15,Quaker,343.71,726
Jugo de Naranja Familiar 797g,100000000332,Panadería,2026-09-07,Corona,110.02,646
Leche Entera Familiar 648g,100000000333,Alimentos,2026-08-30,Colgate,478.88,208
Cereal de Maíz Clásico 820g,100000000334,Lácteos,2026-05-15,La Costeña,52.54,10
Pan Integral Light 448g,100000000335,Enlatados,2028-04-09,Great Value,62.17,301
Galletas de Chocolate Fortificado 857g,100000000336,Lácteos,2027-08-19,Kellogg's,78.33,843
Pan Integral Light 715g,100000000337,Lácteos,2026-12-24,Corona,182.13,442
Azúcar Morena Fortificado 371g,100000000338,Lácteos,2027-11-18,Nestlé,340.81,275
Salsa de Tomate Light 749g,100000000339,Snacks,2026-07-28,Great Value,153.64,837
Huevos Grandes Light 310g,100000000340,Panadería,2028-01-31,Kellogg's,478.83,1000
Queso Mozzarella Orgánico 355g,100000000341,Panadería,2026-04-13,Nestlé,384.63,797
Azúcar Morena Extra 845g,100000000342,Panadería,2027-09-07,Bimbo,202.01,524
Café Molido Fortificado 266g,100000000343,Panadería,2028-05-08,Nestlé,419.59,231
Aceite Vegetal Clásico 245g,100000000344,Snacks,2028-03-22,Kellogg's,243.45,543
Café Molido Extra 631g,100000000345,Alimentos,2026-07-09,Nestlé,281.63,626
Refresco Cola Fortificado 985g,100000000346,Granos,2028-04-28,Coca-Cola,128.77,766
Pasta Espagueti Familiar 938g,100000000347,Enlatados,2026-03-12,Nescafé,367.17,950
Queso Mozzarella Premium 377g,100000000348,Enlatados,2027-08-18,Coca-Cola,455.01,925
Atún en Lata Clásico 333g,100000000349,Snacks,2026-06-17,Nestlé,321.57,342
Chocolate en Barra Fortificado 407g,100000000350,Granos,2027-05-17,Bimbo,268.68,424
Atún en Lata Clásico 279g,100000000351,Enlatados,2026-10-30,Bimbo,176.79,512
Huevos Grandes Familiar 580g,100000000352,Snacks,2027-01-26,Quaker,482.06,309
Galletas de Chocolate Light 916g,100000000353,Granos,2026-10-07,Kellogg's,163.94,116
Galletas de Chocolate Light 389g,100000000354,Lácteos,2027-06-17,Maggi,386.98,316
Aceite Vegetal Premium 392g,100000000355,Lácteos,2027-09-16,La Costeña,334.99,484
Aceite Vegetal Orgánico 849g,100000000356,Snacks,2026-02-07,La Costeña,153.62,48
Chocolate en Barra Clásico 767g,100000000357,Enlatados,2026-09-25,Kellogg's,284.16,967
Salsa de Tomate Orgánico 482g,100000000358,Panadería,2028-01-07,Heinz,276.52,966
Refresco Cola Premium 533g,100000000359,Alimentos,2028-05-16,Del Monte,141.79,527
Frijol Negro Clásico 387g,100000000360,Granos,2026-09-20,Maggi,126.95,608
Azúcar Morena Orgánico 845g,100000000361,Snacks,2026-03-04,La Costeña,43.8,160
Yogur Natural Fortificado 416g,100000000362,Panadería,2027-03-17,Heinz,261.33,348
Arroz Integral Extra 848g,100000000363,Granos,2027-02-26,Bimbo,57.12,816
Frijol Negro Familiar 515g,100000000364,Granos,2026-09-25,Nestlé,462.51,499
Arroz Integral Fortificado 553g,100000000365,Enlatados,2028-02-05,Quaker,94.49,561
Queso Mozzarella Extra 975g,100000000366,Lácteos,2028-04-14,Heinz,470.87,756
Mantequilla Clásico 558g,100000000367,Enlatados,2027-03-05,Colgate,119.37,355
Leche Entera Clásico 801g,100000000368,Lácteos,2028-04-19,Nestlé,459.68,110
Pasta Espagueti Fortificado 252g,100000000369,Granos,2028-02-09,Maggi,307.97,523
Refresco Cola Clásico 414g,100000000370,Bebidas,2026-05-24,Nestlé,202.47,207
Pan Integral Fortificado 574g,100000000371,Bebidas,2026-02-09,Great Value,230.53,754
Azúcar Morena Premium 582g,100000000372,Bebidas,2027-05-02,Nestlé,268.95,23
Galletas de Chocolate Clásico 228g,100000000373,Snacks,2027-02-28,Great Value,426.59,467
Harina de Trigo Premium 216g,100000000374,Enlatados,2028-03-09,Danone,458.07,777
Salsa de Tomate Clásico 466g,100000000375,Snacks,2026-11-12,Great Value,445.46,474
Yogur Natural Familiar 1000g,100000000376,Alimentos,2027-12-03,Bimbo,139.89,291
Chocolate en Barra Clásico 638g,100000000377,Bebidas,2027-10-10,Nescafé,342.59,36
Chocolate en Barra Fortificado 559g,100000000378,Granos,2026-10-29,Corona,209.91,740
Azúcar Morena Premium 821g,100000000379,Enlatados,2028-05-10,Del Monte,52.21,928
Azúcar Morena Familiar 619g,100000000380,Panadería,2028-05-03,Danone,313.27,504
Refresco Cola Orgánico 482g,100000000381,Granos,2028-06-10,Colgate,189.58,829
Galletas de Chocolate Premium 453g,100000000382,Alimentos,2027-11-29,Corona,334.24,754
Refresco Cola Premium 677g,100000000383,Panadería,2026-02-20,Quaker,327.88,441
Pan Integral Extra 558g,100000000384,Enlatados,2027-04-10,Heinz,448.27,596
Queso Mozzarella Orgánico 244g,100000000385,Alimentos,2026-10-21,Great Value,24.61,436
Queso Mozzarella Light 619g,100000000386,Panadería,2026-07-15,Coca-Cola,73.92,360
Refresco Cola Fortificado 653g,100000000387,Enlatados,2027-01-25,Quaker,89.67,443
Refresco Cola Familiar 798g,100000000388,Alimentos,2026-07-02,Quaker,119.25,769
Pasta Espagueti Orgánico 398g,100000000389,Enlatados,2028-04-20,Pepsi,30.81,863
Pasta Espagueti Premium 469g,100000000390,Granos,2027-11-16,Heinz,22.97,807
Frijol Negro Clásico 351g,100000000391,Alimentos,2026-02-15,Pepsi,488.77,608
Harina de Trigo Light 417g,100000000392,Granos,2027-01-22,Corona,142.83,790
Atún en Lata Clásico 537g,100000000393,Bebidas,2026-08-22,Del Monte,19.26,893
Refresco Cola Orgánico 617g,100000000394,Lácteos,2027-09-25,Nescafé,476.3,167
Azúcar Morena Orgánico 764g,100000000395,Snacks,2026-06-21,Danone,185,692
Yogur Natural Extra 436g,100000000396,Snacks,2026-06-19,La Costeña,401.02,864
Queso Mozzarella Clásico 550g,100000000397,Lácteos,2027-11-30,Heinz,144.41,699
Aceite Vegetal Premium 747g,100000000398,Enlatados,2027-10-07,Danone,243.9,914
Café Molido Orgánico 441g,100000000399,Snacks,2026-02-25,La Costeña,326.78,327
Pan Integral Light 298g,100000000400,Snacks,2027-03-14,Coca-Cola,29.38,779
Yogur Natural Premium 383g,100000000401,Panadería,2028-02-03,Corona,266.65,863
Jugo de Naranja Light 605g,100000000402,Granos,2027-08-29,Colgate,229.84,665
Café Molido Clásico 662g,100000000403,Bebidas,2028-05-20,Del Monte,99.77,623
Arroz Integral Familiar 408g,100000000404,Bebidas,2027-08-02,Pepsi,490.93,859
Cereal de Maíz Orgánico 536g,100000000405,Alimentos,2027-06-26,Nescafé,377.16,5
Pan Integral Orgánico 839g,100000000406,Enlatados,2027-10-31,Danone,6.03,531
Atún en Lata Light 828g,100000000407,Enlatados,2027-06-26,Great Value,381.88,218
Cereal de Maíz Familiar 997g,100000000408,Alimentos,2026-09-17,Heinz,25.72,880
Azúcar Morena Light 409g,100000000409,Lácteos,2026-04-24,Quaker,436.97,834
Azúcar Morena Extra 209g,100000000410,Panadería,2027-02-15,Kellogg's,455.85,332
Leche Entera Fortificado 379g,100000000411,Panadería,2027-05-21,Nescafé,274.23,120
Huevos Grandes Fortificado 321g,100000000412,Panadería,2028-04-29,Danone,246.83,979
Aceite Vegetal Orgánico 488g,100000000413,Enlatados,2027-08-16,Danone,334.18,688
Jugo de Naranja Premium 709g,100000000414,Granos,2027-02-24,Heinz,213.25,404
Huevos Grandes Familiar 847g,100000000415,Enlatados,2027-02-22,La Costeña,372.75,161
Jugo de Naranja Fortificado 541g,100000000416,Lácteos,2027-11-19,Quaker,419.48,73
Café Molido Familiar 458g,100000000417,Enlatados,2027-11-27,Nescafé,294.2,924
Queso Mozzarella Familiar 964g,100000000418,Alimentos,2027-11-30,Corona,91.29,360
Atún en Lata Clásico 987g,100000000419,Panadería,2026-02-20,Coca-Cola,122.43,743
Galletas de Chocolate Extra 610g,100000000420,Panadería,2027-12-15,Maggi,197.84,436
Huevos Grandes Orgánico 968g,100000000421,Lácteos,2027-09-16,Great Value,240.73,292
Jugo de Naranja Familiar 676g,100000000422,Snacks,2028-04-06,Heinz,326.38,854
Pan Integral Orgánico 924g,100000000423,Snacks,2026-12-05,Nescafé,21.34,824
Huevos Grandes Orgánico 691g,100000000424,Enlatados,2027-08-31,Heinz,54.15,184
Azúcar Morena Orgánico 953g,100000000425,Bebidas,2027-12-02,La Costeña,120.35,961
Pan Integral Fortificado 953g,100000000426,Panadería,2028-05-10,Danone,113.88,343
Chocolate en Barra Fortificado 503g,100000000427,Bebidas,2026-09-04,Heinz,288.93,963
Refresco Cola Extra 752g,100000000428,Enlatados,2026-05-04,Corona,387.39,910
Chocolate en Barra Familiar 601g,100000000429,Panadería,2027-10-02,Corona,71.1,388
Pasta Espagueti Familiar 371g,100000000430,Bebidas,2026-04-12,Colgate,388.54,512
Harina de Trigo Premium 276g,100000000431,Bebidas,2027-02-15,La Costeña,492.83,55
Aceite Vegetal Familiar 232g,100000000432,Enlatados,2027-06-04,Corona,288.42,422
Huevos Grandes Clásico 269g,100000000433,Panadería,2027-10-01,Colgate,9.12,118
Pan Integral Extra 625g,100000000434,Bebidas,2028-02-06,Coca-Cola,267.32,883
Huevos Grandes Clásico 871g,100000000435,Snacks,2026-09-11,Pepsi,239.81,259
Yogur Natural Orgánico 413g,100000000436,Enlatados,2027-04-29,Coca-Cola,371.12,744
Yogur Natural Familiar 392g,100000000437,Panadería,2027-11-23,Nescafé,98.11,914
Cereal de Maíz Extra 956g,100000000438,Alimentos,2027-11-28,La Costeña,214.01,219
Harina de Trigo Fortificado 676g,100000000439,Alimentos,2026-08-27,Pepsi,461.54,498
Queso Mozzarella Orgánico 321g,100000000440,Lácteos,2026-06-19,Quaker,110.01,791
Jugo de Naranja Extra 524g,100000000441,Bebidas,2026-07-20,Colgate,138.54,414
Queso Mozzarella Familiar 376g,100000000442,Bebidas,2028-04-10,Kellogg's,253.83,218
Pasta Espagueti Light 722g,100000000443,Lácteos,2026-03-08,Kellogg's,81.77,844
Mantequilla Orgánico 704g,100000000444,Alimentos,2027-09-10,Quaker,121.12,206
Huevos Grandes Premium 709g,100000000445,Bebidas,2028-04-16,Nestlé,272.34,83
Arroz Integral Extra 376g,100000000446,Granos,2027-10-02,Nescafé,121.08,30
Arroz Integral Fortificado 715g,100000000447,Enlatados,2027-05-19,Maggi,196.32,94
Salsa de Tomate Clásico 998g,100000000448,Panadería,2026-06-20,Great Value,257.83,386
Salsa de Tomate Fortificado 886g,100000000449,Panadería,2027-12-22,Quaker,197.44,959
Pasta Espagueti Familiar 960g,100000000450,Enlatados,2026-07-18,Kellogg's,100.23,385
Azúcar Morena Premium 851g,100000000451,Granos,2026-08-05,Del Monte,372.37,550
Atún en Lata Light 623g,100000000452,Granos,2028-01-02,Colgate,272.99,759
Mantequilla Orgánico 757g,100000000453,Granos,2028-05-02,Nestlé,274.67,853
Azúcar Morena Premium 629g,100000000454,Bebidas,2026-10-13,Kellogg's,370.01,814
Azúcar Morena Familiar 263g,100000000455,Snacks,2028-06-04,Danone,328.29,259
Atún en Lata Clásico 463g,100000000456,Alimentos,2027-03-18,Nestlé,279.65,448
Yogur Natural Premium 821g,100000000457,Snacks,2028-05-11,Quaker,464.7,523
Arroz Integral Premium 470g,100000000458,Alimentos,2027-05-10,Heinz,480.07,228
Pasta Espagueti Orgánico 209g,100000000459,Alimentos,2026-12-20,Pepsi,134.34,247
Pan Integral Premium 328g,100000000460,Bebidas,2027-09-16,Colgate,44.77,509
Harina de Trigo Fortificado 836g,100000000461,Granos,2027-08-23,Nescafé,9.73,693
Chocolate en Barra Familiar 770g,100000000462,Enlatados,2027-01-29,Maggi,470.75,385
Jugo de Naranja Clásico 531g,100000000463,Bebidas,2027-05-13,La Costeña,341.73,496
Yogur Natural Fortificado 862g,100000000464,Enlatados,2026-12-17,Heinz,464.77,142
Pan Integral Fortificado 502g,100000000465,Enlatados,2026-04-17,Kellogg's,321.03,354
Cereal de Maíz Extra 691g,100000000466,Panadería,2028-04-03,Del Monte,470.74,213
Arroz Integral Clásico 540g,100000000467,Alimentos,2027-05-11,Corona,34.16,850
Pan Integral Light 295g,100000000468,Snacks,2027-11-24,Colgate,44.39,684
Galletas de Chocolate Premium 341g,100000000469,Bebidas,2026-02-18,Quaker,35.48,96
Yogur Natural Orgánico 740g,100000000470,Alimentos,2027-05-16,Kellogg's,304.53,830
Refresco Cola Familiar 664g,100000000471,Alimentos,2026-02-28,Corona,312.23,354
Huevos Grandes Light 370g,100000000472,Bebidas,2027-05-25,Great Value,152.53,127
Arroz Integral Fortificado 220g,100000000473,Bebidas,2027-08-16,Bimbo,408.05,883
Leche Entera Fortificado 450g,100000000474,Enlatados,2027-01-19,Del Monte,57.64,516
Huevos Grandes Fortificado 662g,100000000475,Panadería,2026-09-30,Danone,239.16,750
Refresco Cola Orgánico 679g,100000000476,Panadería,2027-01-20,Nestlé,226.31,347
Harina de Trigo Light 887g,100000000477,Bebidas,2027-06-01,Colgate,449.55,272
Harina de Trigo Familiar 807g,100000000478,Panadería,2027-10-14,Del Monte,248.07,674
Huevos Grandes Familiar 358g,100000000479,Alimentos,2027-11-11,Maggi,45.36,715
Cereal de Maíz Familiar 635g,100000000480,Alimentos,2026-11-04,Maggi,424.34,525
Galletas de Chocolate Orgánico 397g,100000000481,Alimentos,2026-08-22,Pepsi,65.15,374
Pasta Espagueti Clásico 489g,100000000482,Bebidas,2028-01-26,Nescafé,121.63,754
Leche Entera Familiar 711g,100000000483,Snacks,2026-10-14,Coca-Cola,196.58,924
Pan Integral Premium 227g,100000000484,Lácteos,2027-12-05,Heinz,27.13,874
Queso Mozzarella Fortificado 403g,100000000485,Granos,2028-03-31,Great Value,16.23,747
Leche Entera Light 503g,100000000486,Enlatados,2027-05-19,Nescafé,122.93,75
Atún en Lata Clásico 991g,100000000487,Granos,2026-09-19,Bimbo,493.83,304
Queso Mozzarella Extra 914g,100000000488,Bebidas,2026-04-30,Nescafé,345.35,213
Cereal de Maíz Familiar 370g,100000000489,Alimentos,2026-09-09,Bimbo,368.35,59
Café Molido Premium 331g,100000000490,Granos,2026-08-29,Nescafé,74.51,45
Leche Entera Extra 246g,100000000491,Enlatados,2026-08-03,Heinz,277.49,931
Queso Mozzarella Premium 438g,100000000492,Alimentos,2026-06-22,Bimbo,436.79,613
Pan Integral Fortificado 737g,100000000493,Lácteos,2026-08-04,Great Value,24.47,54
Pan Integral Extra 922g,100000000494,Bebidas,2027-06-01,Pepsi,430.69,20
Galletas de Chocolate Extra 665g,100000000495,Granos,2027-10-14,Danone,380.67,320
Leche Entera Extra 765g,100000000496,Snacks,2027-06-18,Maggi,121.2,368
Café Molido Premium 775g,100000000497,Granos,2027-04-09,Danone,470.95,283
Pan Integral Premium 779g,100000000498,Snacks,2026-02-25,Great Value,180.67,154
Pasta Espagueti Premium 742g,100000000499,Enlatados,2027-05-29,Colgate,102.34,637
